{
  "data": [
    {
      "assy_id": "7ffe6797-993d-11eb-81f4-7470fd3cb1c0",
      "nracks": 6,
      "ncells": 12,
      "channel_width": 14.1067286474144,
      "channel_height": 4.7812400585086,
      "t_wall": 2.582566105518,
      "t_baseplate_without_channel": 2.0,
      "t_endplate": 2.0
    }
  ]
}