{
  "data": [
    {
      "assy_id": "7ffe67c5-993d-11eb-b736-7470fd3cb1c0",
      "nracks": 10,
      "ncells": 7,
      "channel_width": 15.269909836176499,
      "channel_height": 2.9934441067220003,
      "t_wall": 2.4677910827353,
      "t_baseplate_without_channel": 2.0,
      "t_endplate": 2.0
    }
  ]
}