{
  "data": [
    {
      "assy_id": "7ffe676f-993d-11eb-8d43-7470fd3cb1c0",
      "nracks": 18,
      "ncells": 4,
      "channel_width": 13.6367807991445,
      "channel_height": 4.0566476785076,
      "t_wall": 1.7476634030194,
      "t_baseplate_without_channel": 2.0,
      "t_endplate": 2.0
    }
  ]
}