{
  "data": [
    {
      "assy_id": "7ffe67a4-993d-11eb-ae3d-7470fd3cb1c0",
      "nracks": 10,
      "ncells": 7,
      "channel_width": 17.024070187498502,
      "channel_height": 2.1842363998448997,
      "t_wall": 1.233908138122,
      "t_baseplate_without_channel": 2.0,
      "t_endplate": 2.0
    }
  ]
}