{
  "data": [
    {
      "assy_id": "7ffe67c7-993d-11eb-a25c-7470fd3cb1c0",
      "nracks": 14,
      "ncells": 5,
      "channel_width": 5.58026729463,
      "channel_height": 2.3464545307672,
      "t_wall": 1.1373357670464002,
      "t_baseplate_without_channel": 2.0,
      "t_endplate": 2.0
    }
  ]
}