{
  "data": [
    {
      "assy_id": "7ffe6801-993d-11eb-9728-7470fd3cb1c0",
      "nracks": 8,
      "ncells": 9,
      "channel_width": 7.8647400633502995,
      "channel_height": 5.856546566107101,
      "t_wall": 0.6169159220237,
      "t_baseplate_without_channel": 2.0,
      "t_endplate": 2.0
    }
  ]
}