{
  "data": [
    {
      "assy_id": "7ffe67aa-993d-11eb-9863-7470fd3cb1c0",
      "nracks": 14,
      "ncells": 5,
      "channel_width": 15.1357454024681,
      "channel_height": 2.9338083685811003,
      "t_wall": 2.4407298512369,
      "t_baseplate_without_channel": 2.0,
      "t_endplate": 2.0
    }
  ]
}