{
  "data": [
    {
      "assy_id": "7ffe6809-993d-11eb-85f9-7470fd3cb1c0",
      "nracks": 10,
      "ncells": 7,
      "channel_width": 7.1541997230561005,
      "channel_height": 1.4953356643216,
      "t_wall": 1.1580219543445,
      "t_baseplate_without_channel": 2.0,
      "t_endplate": 2.0
    }
  ]
}