{
  "data": [
    {
      "assy_id": "7ffe18e4-993d-11eb-894a-7470fd3cb1c0",
      "nracks": 18,
      "ncells": 4,
      "channel_width": 6.9406896681747,
      "channel_height": 5.002576230373901,
      "t_wall": 2.3380184423670003,
      "t_baseplate_without_channel": 2.0,
      "t_endplate": 2.0
    }
  ]
}