{
  "data": [
    {
      "assy_id": "7ffe67b5-993d-11eb-9770-7470fd3cb1c0",
      "nracks": 9,
      "ncells": 8,
      "channel_width": 13.1136278837725,
      "channel_height": 1.4011788048044,
      "t_wall": 1.5769033407127,
      "t_baseplate_without_channel": 2.0,
      "t_endplate": 2.0
    }
  ]
}