{
  "data": [
    {
      "assy_id": "7ffe67c8-993d-11eb-8d46-7470fd3cb1c0",
      "nracks": 10,
      "ncells": 7,
      "channel_width": 15.640435304210099,
      "channel_height": 0.5271571891536999,
      "t_wall": 1.1196381404769,
      "t_baseplate_without_channel": 2.0,
      "t_endplate": 2.0
    }
  ]
}