{
  "data": [
    {
      "assy_id": "7ffe6805-993d-11eb-8b27-7470fd3cb1c0",
      "nracks": 10,
      "ncells": 7,
      "channel_width": 7.888805375451301,
      "channel_height": 3.2323197788635003,
      "t_wall": 1.5082821032093998,
      "t_baseplate_without_channel": 2.0,
      "t_endplate": 2.0
    }
  ]
}