{
  "data": [
    {
      "assy_id": "7ffe677d-993d-11eb-88b0-7470fd3cb1c0",
      "nracks": 6,
      "ncells": 12,
      "channel_width": 4.9744600677358,
      "channel_height": 3.8373056180517002,
      "t_wall": 1.9039116362236999,
      "t_baseplate_without_channel": 2.0,
      "t_endplate": 2.0
    }
  ]
}