{
  "data": [
    {
      "assy_id": "7ffe67cf-993d-11eb-95f8-7470fd3cb1c0",
      "nracks": 9,
      "ncells": 8,
      "channel_width": 8.683992039665199,
      "channel_height": 2.9753571738619,
      "t_wall": 0.9182956927795,
      "t_baseplate_without_channel": 2.0,
      "t_endplate": 2.0
    }
  ]
}