{
  "data": [
    {
      "assy_id": "7ffe67e9-993d-11eb-a20e-7470fd3cb1c0",
      "nracks": 10,
      "ncells": 7,
      "channel_width": 13.202141586980199,
      "channel_height": 5.1473568320198995,
      "t_wall": 2.1452399002343996,
      "t_baseplate_without_channel": 2.0,
      "t_endplate": 2.0
    }
  ]
}