{
  "data": [
    {
      "assy_id": "7ffe67da-993d-11eb-8471-7470fd3cb1c0",
      "nracks": 7,
      "ncells": 10,
      "channel_width": 5.7970566323171,
      "channel_height": 4.338645460445,
      "t_wall": 0.7558406311531,
      "t_baseplate_without_channel": 2.0,
      "t_endplate": 2.0
    }
  ]
}