{
  "data": [
    {
      "assy_id": "7ffe678f-993d-11eb-808c-7470fd3cb1c0",
      "nracks": 8,
      "ncells": 9,
      "channel_width": 12.8008419609042,
      "channel_height": 5.7729142497058,
      "t_wall": 2.2084074220197,
      "t_baseplate_without_channel": 2.0,
      "t_endplate": 2.0
    }
  ]
}