{
  "data": [
    {
      "assy_id": "7ffe18dd-993d-11eb-8a41-7470fd3cb1c0",
      "nracks": 9,
      "ncells": 8,
      "channel_width": 12.058913526606801,
      "channel_height": 4.0623125089024,
      "t_wall": 1.135091642633,
      "t_baseplate_without_channel": 2.0,
      "t_endplate": 2.0
    }
  ]
}