{
  "data": [
    {
      "assy_id": "7ffe18ce-993d-11eb-9b58-7470fd3cb1c0",
      "nracks": 7,
      "ncells": 10,
      "channel_width": 7.2676829176169,
      "channel_height": 4.3867808235288,
      "t_wall": 1.6860052049056,
      "t_baseplate_without_channel": 2.0,
      "t_endplate": 2.0
    }
  ]
}