{
  "data": [
    {
      "assy_id": "7ffe67ea-993d-11eb-ab05-7470fd3cb1c0",
      "nracks": 12,
      "ncells": 6,
      "channel_width": 15.1860691795197,
      "channel_height": 5.6598621011334,
      "t_wall": 2.6592257229072,
      "t_baseplate_without_channel": 2.0,
      "t_endplate": 2.0
    }
  ]
}