{
  "data": [
    {
      "assy_id": "7ffe18d8-993d-11eb-bed9-7470fd3cb1c0",
      "nracks": 4,
      "ncells": 18,
      "channel_width": 5.4512051243059005,
      "channel_height": 3.0587424173579003,
      "t_wall": 1.7182866261636,
      "t_baseplate_without_channel": 2.0,
      "t_endplate": 2.0
    }
  ]
}