{
  "data": [
    {
      "assy_id": "7ffe18d5-993d-11eb-a248-7470fd3cb1c0",
      "nracks": 8,
      "ncells": 9,
      "channel_width": 7.1111181072731,
      "channel_height": 3.8365887589108,
      "t_wall": 0.6225053406372,
      "t_baseplate_without_channel": 2.0,
      "t_endplate": 2.0
    }
  ]
}