{
  "data": [
    {
      "assy_id": "7ffe679b-993d-11eb-af6a-7470fd3cb1c0",
      "nracks": 9,
      "ncells": 8,
      "channel_width": 13.9956079427659,
      "channel_height": 2.698309811756,
      "t_wall": 2.0612482503682,
      "t_baseplate_without_channel": 2.0,
      "t_endplate": 2.0
    }
  ]
}