{
  "data": [
    {
      "assy_id": "7ffe679f-993d-11eb-ae92-7470fd3cb1c0",
      "nracks": 12,
      "ncells": 6,
      "channel_width": 18.3731185875109,
      "channel_height": 2.1572256173384,
      "t_wall": 2.2910567654195,
      "t_baseplate_without_channel": 2.0,
      "t_endplate": 2.0
    }
  ]
}