{
  "data": [
    {
      "assy_id": "7ffe67d2-993d-11eb-97b6-7470fd3cb1c0",
      "nracks": 14,
      "ncells": 5,
      "channel_width": 4.4530950810584,
      "channel_height": 2.2153040151356,
      "t_wall": 2.4576157316277,
      "t_baseplate_without_channel": 2.0,
      "t_endplate": 2.0
    }
  ]
}