{
  "data": [
    {
      "assy_id": "7ffe679d-993d-11eb-ab8b-7470fd3cb1c0",
      "nracks": 12,
      "ncells": 6,
      "channel_width": 14.1654794458256,
      "channel_height": 5.5713545205456,
      "t_wall": 2.5655336962725004,
      "t_baseplate_without_channel": 2.0,
      "t_endplate": 2.0
    }
  ]
}