{
  "data": [
    {
      "assy_id": "7ffe67dd-993d-11eb-b912-7470fd3cb1c0",
      "nracks": 8,
      "ncells": 9,
      "channel_width": 12.4909429715333,
      "channel_height": 3.1117034956063,
      "t_wall": 2.2812702484644,
      "t_baseplate_without_channel": 2.0,
      "t_endplate": 2.0
    }
  ]
}