{
  "data": [
    {
      "assy_id": "7ffe67c0-993d-11eb-aec6-7470fd3cb1c0",
      "nracks": 12,
      "ncells": 6,
      "channel_width": 18.4956148719953,
      "channel_height": 4.1354730448541,
      "t_wall": 0.7423642468806,
      "t_baseplate_without_channel": 2.0,
      "t_endplate": 2.0
    }
  ]
}