{
  "data": [
    {
      "assy_id": "7ffe67c1-993d-11eb-97b1-7470fd3cb1c0",
      "nracks": 18,
      "ncells": 4,
      "channel_width": 12.5001922920165,
      "channel_height": 1.2972292531215,
      "t_wall": 2.5158443091967,
      "t_baseplate_without_channel": 2.0,
      "t_endplate": 2.0
    }
  ]
}