{
  "data": [
    {
      "assy_id": "7ffe6792-993d-11eb-83e2-7470fd3cb1c0",
      "nracks": 18,
      "ncells": 4,
      "channel_width": 13.0232967329492,
      "channel_height": 5.3009320336513,
      "t_wall": 2.6570027789481,
      "t_baseplate_without_channel": 2.0,
      "t_endplate": 2.0
    }
  ]
}