{
  "data": [
    {
      "assy_id": "7ffe6768-993d-11eb-839e-7470fd3cb1c0",
      "nracks": 18,
      "ncells": 4,
      "channel_width": 4.418350737005199,
      "channel_height": 1.307102994876,
      "t_wall": 1.3817774319348,
      "t_baseplate_without_channel": 2.0,
      "t_endplate": 2.0
    }
  ]
}