{
  "data": [
    {
      "assy_id": "7ffe67c2-993d-11eb-bfe4-7470fd3cb1c0",
      "nracks": 8,
      "ncells": 9,
      "channel_width": 16.4019664736069,
      "channel_height": 3.5942274211383998,
      "t_wall": 0.5560713495359,
      "t_baseplate_without_channel": 2.0,
      "t_endplate": 2.0
    }
  ]
}