{
  "data": [
    {
      "assy_id": "7ffe6808-993d-11eb-b94e-7470fd3cb1c0",
      "nracks": 4,
      "ncells": 18,
      "channel_width": 13.674256024493602,
      "channel_height": 4.7718021035736,
      "t_wall": 1.7366243660977,
      "t_baseplate_without_channel": 2.0,
      "t_endplate": 2.0
    }
  ]
}