{
  "data": [
    {
      "assy_id": "7ffe18d2-993d-11eb-ad1d-7470fd3cb1c0",
      "nracks": 10,
      "ncells": 7,
      "channel_width": 7.6856492867237,
      "channel_height": 1.696108429224,
      "t_wall": 2.9060118245853,
      "t_baseplate_without_channel": 2.0,
      "t_endplate": 2.0
    }
  ]
}