{
  "data": [
    {
      "assy_id": "7ffe67e4-993d-11eb-862e-7470fd3cb1c0",
      "nracks": 14,
      "ncells": 5,
      "channel_width": 18.619935004056302,
      "channel_height": 5.615616017424499,
      "t_wall": 2.0348840809916,
      "t_baseplate_without_channel": 2.0,
      "t_endplate": 2.0
    }
  ]
}