{
  "data": [
    {
      "assy_id": "7ffe677f-993d-11eb-b5b5-7470fd3cb1c0",
      "nracks": 4,
      "ncells": 18,
      "channel_width": 4.0919148579426,
      "channel_height": 1.6335626208569,
      "t_wall": 2.103559494473,
      "t_baseplate_without_channel": 2.0,
      "t_endplate": 2.0
    }
  ]
}