{
  "data": [
    {
      "assy_id": "7ffe67d3-993d-11eb-8698-7470fd3cb1c0",
      "nracks": 7,
      "ncells": 10,
      "channel_width": 13.8275844036976,
      "channel_height": 0.7327831601,
      "t_wall": 1.6900900396082,
      "t_baseplate_without_channel": 2.0,
      "t_endplate": 2.0
    }
  ]
}