{
  "data": [
    {
      "assy_id": "7ffe6783-993d-11eb-86cc-7470fd3cb1c0",
      "nracks": 8,
      "ncells": 9,
      "channel_width": 12.177610105853999,
      "channel_height": 1.9945464650906,
      "t_wall": 0.6446463570365,
      "t_baseplate_without_channel": 2.0,
      "t_endplate": 2.0
    }
  ]
}