{
  "data": [
    {
      "assy_id": "7ffe6790-993d-11eb-aa5c-7470fd3cb1c0",
      "nracks": 8,
      "ncells": 9,
      "channel_width": 15.813764284258,
      "channel_height": 1.8875515256999,
      "t_wall": 2.4678978219978,
      "t_baseplate_without_channel": 2.0,
      "t_endplate": 2.0
    }
  ]
}