{
  "data": [
    {
      "assy_id": "7ffe6760-993d-11eb-8b98-7470fd3cb1c0",
      "nracks": 12,
      "ncells": 6,
      "channel_width": 17.042819686348,
      "channel_height": 1.2040845145374,
      "t_wall": 2.7360356282624,
      "t_baseplate_without_channel": 2.0,
      "t_endplate": 2.0
    }
  ]
}