{
  "data": [
    {
      "assy_id": "7ffe67b1-993d-11eb-bb81-7470fd3cb1c0",
      "nracks": 5,
      "ncells": 14,
      "channel_width": 7.705616015375,
      "channel_height": 5.7198465385481,
      "t_wall": 0.8052903323141001,
      "t_baseplate_without_channel": 2.0,
      "t_endplate": 2.0
    }
  ]
}