{
  "data": [
    {
      "assy_id": "7ffe67eb-993d-11eb-8c18-7470fd3cb1c0",
      "nracks": 8,
      "ncells": 9,
      "channel_width": 4.3454450024999005,
      "channel_height": 5.3688710823061,
      "t_wall": 2.2762292018161,
      "t_baseplate_without_channel": 2.0,
      "t_endplate": 2.0
    }
  ]
}