{
  "data": [
    {
      "assy_id": "7ffe6789-993d-11eb-9509-7470fd3cb1c0",
      "nracks": 14,
      "ncells": 5,
      "channel_width": 7.0268844236661,
      "channel_height": 5.1599127305536,
      "t_wall": 1.2695724872963,
      "t_baseplate_without_channel": 2.0,
      "t_endplate": 2.0
    }
  ]
}