{
  "data": [
    {
      "assy_id": "7ffe67b0-993d-11eb-8fa2-7470fd3cb1c0",
      "nracks": 8,
      "ncells": 9,
      "channel_width": 10.244676867435901,
      "channel_height": 3.0786052765350003,
      "t_wall": 1.6016185621551,
      "t_baseplate_without_channel": 2.0,
      "t_endplate": 2.0
    }
  ]
}