{
  "data": [
    {
      "assy_id": "7ffe67e5-993d-11eb-a6ab-7470fd3cb1c0",
      "nracks": 5,
      "ncells": 14,
      "channel_width": 12.446837080585299,
      "channel_height": 0.8490204449850001,
      "t_wall": 2.6050194421581003,
      "t_baseplate_without_channel": 2.0,
      "t_endplate": 2.0
    }
  ]
}