{
  "data": [
    {
      "assy_id": "7ffe18df-993d-11eb-a7ff-7470fd3cb1c0",
      "nracks": 14,
      "ncells": 5,
      "channel_width": 9.8686549578799,
      "channel_height": 4.389558797731301,
      "t_wall": 1.0733039679582999,
      "t_baseplate_without_channel": 2.0,
      "t_endplate": 2.0
    }
  ]
}