{
  "data": [
    {
      "assy_id": "7ffe6799-993d-11eb-8839-7470fd3cb1c0",
      "nracks": 5,
      "ncells": 14,
      "channel_width": 4.9761265512173996,
      "channel_height": 1.2039771135551,
      "t_wall": 1.9362915150613,
      "t_baseplate_without_channel": 2.0,
      "t_endplate": 2.0
    }
  ]
}