{
  "data": [
    {
      "assy_id": "7ffe67a8-993d-11eb-8342-7470fd3cb1c0",
      "nracks": 6,
      "ncells": 12,
      "channel_width": 17.255812152020397,
      "channel_height": 4.3090316472996,
      "t_wall": 2.7184428854362,
      "t_baseplate_without_channel": 2.0,
      "t_endplate": 2.0
    }
  ]
}