{
  "data": [
    {
      "assy_id": "7ffe67d8-993d-11eb-9009-7470fd3cb1c0",
      "nracks": 12,
      "ncells": 6,
      "channel_width": 9.6145692674651,
      "channel_height": 1.5490829833881,
      "t_wall": 0.661418908629,
      "t_baseplate_without_channel": 2.0,
      "t_endplate": 2.0
    }
  ]
}