{
  "data": [
    {
      "assy_id": "7ffe18e2-993d-11eb-9fd8-7470fd3cb1c0",
      "nracks": 7,
      "ncells": 10,
      "channel_width": 17.3576747471813,
      "channel_height": 4.6476378739054995,
      "t_wall": 0.6660609166396,
      "t_baseplate_without_channel": 2.0,
      "t_endplate": 2.0
    }
  ]
}