{
  "data": [
    {
      "assy_id": "7ffe6764-993d-11eb-bf99-7470fd3cb1c0",
      "nracks": 18,
      "ncells": 4,
      "channel_width": 18.3251819986631,
      "channel_height": 2.5469146741558,
      "t_wall": 2.9724218167238,
      "t_baseplate_without_channel": 2.0,
      "t_endplate": 2.0
    }
  ]
}