{
  "data": [
    {
      "assy_id": "7ffe67ba-993d-11eb-b33a-7470fd3cb1c0",
      "nracks": 10,
      "ncells": 7,
      "channel_width": 18.246115416865102,
      "channel_height": 5.868157975400901,
      "t_wall": 2.3803713196454996,
      "t_baseplate_without_channel": 2.0,
      "t_endplate": 2.0
    }
  ]
}