{
  "data": [
    {
      "assy_id": "7ffe18d9-993d-11eb-9490-7470fd3cb1c0",
      "nracks": 14,
      "ncells": 5,
      "channel_width": 7.2036971892697,
      "channel_height": 4.359056041223799,
      "t_wall": 2.8888437666074,
      "t_baseplate_without_channel": 2.0,
      "t_endplate": 2.0
    }
  ]
}