{
  "data": [
    {
      "assy_id": "7ffe67ab-993d-11eb-93b2-7470fd3cb1c0",
      "nracks": 7,
      "ncells": 10,
      "channel_width": 13.2787925965479,
      "channel_height": 3.4537764220154,
      "t_wall": 2.4966915418821,
      "t_baseplate_without_channel": 2.0,
      "t_endplate": 2.0
    }
  ]
}