{
  "data": [
    {
      "assy_id": "7ffe6779-993d-11eb-8196-7470fd3cb1c0",
      "nracks": 4,
      "ncells": 18,
      "channel_width": 8.058884168225699,
      "channel_height": 3.4383545672288003,
      "t_wall": 0.8468744249527,
      "t_baseplate_without_channel": 2.0,
      "t_endplate": 2.0
    }
  ]
}