{
  "data": [
    {
      "assy_id": "7ffe18e3-993d-11eb-8eb1-7470fd3cb1c0",
      "nracks": 12,
      "ncells": 6,
      "channel_width": 11.337818364743299,
      "channel_height": 5.2039179360779,
      "t_wall": 2.2768126907094,
      "t_baseplate_without_channel": 2.0,
      "t_endplate": 2.0
    }
  ]
}