{
  "data": [
    {
      "assy_id": "7ffe6803-993d-11eb-829a-7470fd3cb1c0",
      "nracks": 10,
      "ncells": 7,
      "channel_width": 15.275086285549701,
      "channel_height": 5.1943821737855,
      "t_wall": 1.7488290452272,
      "t_baseplate_without_channel": 2.0,
      "t_endplate": 2.0
    }
  ]
}