{
  "data": [
    {
      "assy_id": "7ffe6769-993d-11eb-bdf3-7470fd3cb1c0",
      "nracks": 12,
      "ncells": 6,
      "channel_width": 12.311605513585,
      "channel_height": 5.273700342856801,
      "t_wall": 1.8258283186019,
      "t_baseplate_without_channel": 2.0,
      "t_endplate": 2.0
    }
  ]
}