{
  "data": [
    {
      "assy_id": "7ffe6763-993d-11eb-9a29-7470fd3cb1c0",
      "nracks": 18,
      "ncells": 4,
      "channel_width": 15.7232025364935,
      "channel_height": 1.0991972644153,
      "t_wall": 2.5074971781202002,
      "t_baseplate_without_channel": 2.0,
      "t_endplate": 2.0
    }
  ]
}