{
  "data": [
    {
      "assy_id": "7ffe67f8-993d-11eb-9254-7470fd3cb1c0",
      "nracks": 10,
      "ncells": 7,
      "channel_width": 5.7865660261118,
      "channel_height": 4.0412856310121,
      "t_wall": 2.1173867994378,
      "t_baseplate_without_channel": 2.0,
      "t_endplate": 2.0
    }
  ]
}