{
  "data": [
    {
      "assy_id": "7ffe67f7-993d-11eb-a499-7470fd3cb1c0",
      "nracks": 18,
      "ncells": 4,
      "channel_width": 4.4509986214244,
      "channel_height": 3.9202011434567003,
      "t_wall": 1.2918532425062,
      "t_baseplate_without_channel": 2.0,
      "t_endplate": 2.0
    }
  ]
}