{
  "data": [
    {
      "assy_id": "7ffe6786-993d-11eb-84b0-7470fd3cb1c0",
      "nracks": 12,
      "ncells": 6,
      "channel_width": 8.635848943732,
      "channel_height": 1.0179185485475999,
      "t_wall": 2.5098006203871,
      "t_baseplate_without_channel": 2.0,
      "t_endplate": 2.0
    }
  ]
}