{
  "data": [
    {
      "assy_id": "7ffe6793-993d-11eb-aa90-7470fd3cb1c0",
      "nracks": 8,
      "ncells": 9,
      "channel_width": 18.2098052334043,
      "channel_height": 3.9186116577141,
      "t_wall": 1.6041042728822,
      "t_baseplate_without_channel": 2.0,
      "t_endplate": 2.0
    }
  ]
}