{
  "data": [
    {
      "assy_id": "7ffe6777-993d-11eb-be75-7470fd3cb1c0",
      "nracks": 8,
      "ncells": 9,
      "channel_width": 11.7284584801316,
      "channel_height": 5.8949029749431,
      "t_wall": 2.6094212458754003,
      "t_baseplate_without_channel": 2.0,
      "t_endplate": 2.0
    }
  ]
}