{
  "data": [
    {
      "assy_id": "7ffe67ae-993d-11eb-8dcf-7470fd3cb1c0",
      "nracks": 10,
      "ncells": 7,
      "channel_width": 13.462553142339601,
      "channel_height": 5.8407033728030004,
      "t_wall": 1.4732008792755,
      "t_baseplate_without_channel": 2.0,
      "t_endplate": 2.0
    }
  ]
}