{
  "data": [
    {
      "assy_id": "7ffe67a7-993d-11eb-8c98-7470fd3cb1c0",
      "nracks": 6,
      "ncells": 12,
      "channel_width": 8.831583141814699,
      "channel_height": 5.5836164444274,
      "t_wall": 1.7913929750617998,
      "t_baseplate_without_channel": 2.0,
      "t_endplate": 2.0
    }
  ]
}