{
  "data": [
    {
      "assy_id": "7ffe6771-993d-11eb-9fdb-7470fd3cb1c0",
      "nracks": 18,
      "ncells": 4,
      "channel_width": 12.6025813224382,
      "channel_height": 1.293687186692,
      "t_wall": 0.9778218595418,
      "t_baseplate_without_channel": 2.0,
      "t_endplate": 2.0
    }
  ]
}