{
  "data": [
    {
      "assy_id": "7ffe67c9-993d-11eb-bc8c-7470fd3cb1c0",
      "nracks": 6,
      "ncells": 12,
      "channel_width": 13.4567441294815,
      "channel_height": 2.5466783291087998,
      "t_wall": 1.888380273583,
      "t_baseplate_without_channel": 2.0,
      "t_endplate": 2.0
    }
  ]
}